date,year,mo,meanTemp
1850/01,1850,01,-0.698090909090909
1850/02,1850,02,-0.28363636363636363
1850/03,1850,03,-0.7327272727272728
1850/04,1850,04,-0.5618181818181818
1850/05,1850,05,-0.329
1850/06,1850,06,-0.21463636363636363
1850/07,1850,07,-0.12654545454545454
1850/08,1850,08,-0.23618181818181816
1850/09,1850,09,-0.4384545454545455
1850/10,1850,10,-0.44909090909090915
1850/11,1850,11,-0.18772727272727277
1850/12,1850,12,-0.2579090909090909
1851/01,1851,01,-0.29445454545454547
1851/02,1851,02,-0.3525454545454545
1851/03,1851,03,-0.4795454545454545
1851/04,1851,04,-0.43981818181818183
1851/05,1851,05,-0.2983636363636364
1851/06,1851,06,-0.19981818181818187
1851/07,1851,07,-0.21336363636363637
1851/08,1851,08,-0.15645454545454543
1851/09,1851,09,-0.10100000000000002
1851/10,1851,10,-0.055454545454545444
1851/11,1851,11,-0.021272727272727276
1851/12,1851,12,-0.05063636363636362
1852/01,1852,01,-0.31254545454545457
1852/02,1852,02,-0.47445454545454546
1852/03,1852,03,-0.5032727272727272
1852/04,1852,04,-0.5556363636363637
1852/05,1852,05,-0.2113636363636364
1852/06,1852,06,-0.04181818181818182
1852/07,1852,07,-0.017363636363636362
1852/08,1852,08,-0.20300000000000004
1852/09,1852,09,-0.12354545454545454
1852/10,1852,10,-0.21481818181818182
1852/11,1852,11,-0.19363636363636363
1852/12,1852,12,0.07227272727272728
1853/01,1853,01,-0.17872727272727276
1853/02,1853,02,-0.32472727272727275
1853/03,1853,03,-0.3094545454545454
1853/04,1853,04,-0.3524545454545454
1853/05,1853,05,-0.2691818181818182
1853/06,1853,06,-0.17690909090909088
1853/07,1853,07,-0.05927272727272728
1853/08,1853,08,-0.14881818181818182
1853/09,1853,09,-0.4042727272727272
1853/10,1853,10,-0.3609090909090909
1853/11,1853,11,-0.2552727272727273
1853/12,1853,12,-0.43672727272727285
1854/01,1854,01,-0.3610909090909091
1854/02,1854,02,-0.2803636363636364
1854/03,1854,03,-0.28663636363636363
1854/04,1854,04,-0.35272727272727267
1854/05,1854,05,-0.23472727272727276
1854/06,1854,06,-0.21990909090909086
1854/07,1854,07,-0.22645454545454544
1854/08,1854,08,-0.16872727272727273
1854/09,1854,09,-0.11863636363636364
1854/10,1854,10,-0.19054545454545452
1854/11,1854,11,-0.36754545454545456
1854/12,1854,12,-0.23418181818181824
1855/01,1855,01,-0.1669090909090909
1855/02,1855,02,-0.3986363636363637
1855/03,1855,03,-0.306090909090909
1855/04,1855,04,-0.22118181818181817
1855/05,1855,05,-0.3392727272727272
1855/06,1855,06,-0.16827272727272727
1855/07,1855,07,-0.2712727272727273
1855/08,1855,08,-0.1640909090909091
1855/09,1855,09,-0.33499999999999996
1855/10,1855,10,-0.21772727272727277
1855/11,1855,11,-0.21436363636363637
1855/12,1855,12,-0.5185454545454545
1856/01,1856,01,-0.11881818181818184
1856/02,1856,02,-0.37409090909090903
1856/03,1856,03,-0.528909090909091
1856/04,1856,04,-0.3794545454545455
1856/05,1856,05,-0.13045454545454546
1856/06,1856,06,-0.2923636363636364
1856/07,1856,07,-0.3038181818181819
1856/08,1856,08,-0.3086363636363636
1856/09,1856,09,-0.4601818181818182
1856/10,1856,10,-0.3903636363636364
1856/11,1856,11,-0.6058181818181818
1856/12,1856,12,-0.4474545454545455
1857/01,1857,01,-0.511
1857/02,1857,02,-0.34209090909090906
1857/03,1857,03,-0.43418181818181817
1857/04,1857,04,-0.6485454545454545
1857/05,1857,05,-0.5719090909090908
1857/06,1857,06,-0.31218181818181817
1857/07,1857,07,-0.5412727272727271
1857/08,1857,08,-0.3287272727272727
1857/09,1857,09,-0.39236363636363636
1857/10,1857,10,-0.47445454545454546
1857/11,1857,11,-0.6669090909090909
1857/12,1857,12,-0.3594545454545454
1858/01,1858,01,-0.5263636363636364
1858/02,1858,02,-0.7055454545454546
1858/03,1858,03,-0.5515454545454544
1858/04,1858,04,-0.5095454545454546
1858/05,1858,05,-0.6557272727272727
1858/06,1858,06,-0.5848181818181819
1858/07,1858,07,-0.32954545454545453
1858/08,1858,08,-0.27809090909090906
1858/09,1858,09,-0.3329090909090909
1858/10,1858,10,-0.2126363636363636
1858/11,1858,11,-0.6438181818181818
1858/12,1858,12,-0.30327272727272725
1859/01,1859,01,-0.30727272727272725
1859/02,1859,02,-0.18881818181818177
1859/03,1859,03,-0.32899999999999996
1859/04,1859,04,-0.19354545454545455
1859/05,1859,05,-0.30909090909090914
1859/06,1859,06,-0.25081818181818183
1859/07,1859,07,-0.27609090909090916
1859/08,1859,08,-0.10236363636363635
1859/09,1859,09,-0.5656363636363637
1859/10,1859,10,-0.25072727272727274
1859/11,1859,11,-0.315909090909091
1859/12,1859,12,-0.3640909090909091
1860/01,1860,01,-0.18127272727272725
1860/02,1860,02,-0.4258181818181818
1860/03,1860,03,-0.6451818181818182
1860/04,1860,04,-0.3318181818181818
1860/05,1860,05,-0.29636363636363633
1860/06,1860,06,-0.3107272727272728
1860/07,1860,07,-0.11027272727272726
1860/08,1860,08,-0.18227272727272725
1860/09,1860,09,-0.21627272727272728
1860/10,1860,10,-0.19727272727272727
1860/11,1860,11,-0.5163636363636365
1860/12,1860,12,-0.765909090909091
1861/01,1861,01,-0.8947272727272726
1861/02,1861,02,-0.5093636363636365
1861/03,1861,03,-0.46663636363636374
1861/04,1861,04,-0.3859090909090909
1861/05,1861,05,-0.771090909090909
1861/06,1861,06,-0.1920909090909091
1861/07,1861,07,-0.22127272727272726
1861/08,1861,08,-0.09563636363636364
1861/09,1861,09,-0.3314545454545454
1861/10,1861,10,-0.366
1861/11,1861,11,-0.42054545454545456
1861/12,1861,12,-0.24936363636363634
1862/01,1862,01,-0.7438181818181818
1862/02,1862,02,-0.7812727272727273
1862/03,1862,03,-0.40563636363636363
1862/04,1862,04,-0.23781818181818182
1862/05,1862,05,-0.22809090909090912
1862/06,1862,06,-0.3364545454545455
1862/07,1862,07,-0.3471818181818182
1862/08,1862,08,-0.7025454545454546
1862/09,1862,09,-0.42109090909090907
1862/10,1862,10,-0.4234545454545455
1862/11,1862,11,-0.7704545454545453
1862/12,1862,12,-0.8900909090909092
1863/01,1863,01,0.12236363636363637
1863/02,1863,02,-0.025454545454545455
1863/03,1863,03,-0.3678181818181818
1863/04,1863,04,-0.24327272727272728
1863/05,1863,05,-0.33209090909090916
1863/06,1863,06,-0.40372727272727277
1863/07,1863,07,-0.42572727272727273
1863/08,1863,08,-0.32736363636363647
1863/09,1863,09,-0.3175454545454546
1863/10,1863,10,-0.38718181818181824
1863/11,1863,11,-0.3313636363636364
1863/12,1863,12,-0.3423636363636364
1864/01,1864,01,-0.9416363636363637
1864/02,1864,02,-0.6335454545454545
1864/03,1864,03,-0.5087272727272727
1864/04,1864,04,-0.5481818181818183
1864/05,1864,05,-0.45854545454545453
1864/06,1864,06,-0.16745454545454544
1864/07,1864,07,-0.1622727272727273
1864/08,1864,08,-0.3145454545454545
1864/09,1864,09,-0.44763636363636367
1864/10,1864,10,-0.7093636363636364
1864/11,1864,11,-0.474
1864/12,1864,12,-0.6164545454545455
1865/01,1865,01,-0.10309090909090908
1865/02,1865,02,-0.6173636363636364
1865/03,1865,03,-0.6487272727272727
1865/04,1865,04,-0.23636363636363633
1865/05,1865,05,-0.2690909090909091
1865/06,1865,06,-0.28763636363636363
1865/07,1865,07,-0.13681818181818184
1865/08,1865,08,-0.21327272727272728
1865/09,1865,09,-0.08781818181818184
1865/10,1865,10,-0.277
1865/11,1865,11,-0.20454545454545456
1865/12,1865,12,-0.34454545454545454
1866/01,1866,01,0.03436363636363637
1866/02,1866,02,-0.2211818181818182
1866/03,1866,03,-0.5988181818181818
1866/04,1866,04,-0.2702727272727273
1866/05,1866,05,-0.5357272727272728
1866/06,1866,06,0.09300000000000001
1866/07,1866,07,0.01554545454545455
1866/08,1866,08,-0.2752727272727273
1866/09,1866,09,-0.2336363636363636
1866/10,1866,10,-0.4287272727272727
1866/11,1866,11,-0.31200000000000006
1866/12,1866,12,-0.33963636363636357
1867/01,1867,01,-0.31609090909090903
1867/02,1867,02,0.004363636363636367
1867/03,1867,03,-0.7171818181818183
1867/04,1867,04,-0.26890909090909093
1867/05,1867,05,-0.5497272727272727
1867/06,1867,06,-0.30754545454545457
1867/07,1867,07,-0.24845454545454543
1867/08,1867,08,-0.2373636363636364
1867/09,1867,09,-0.10536363636363634
1867/10,1867,10,-0.18927272727272726
1867/11,1867,11,-0.31818181818181823
1867/12,1867,12,-0.6325454545454545
1868/01,1868,01,-0.705
1868/02,1868,02,-0.47409090909090906
1868/03,1868,03,-0.08372727272727275
1868/04,1868,04,-0.382
1868/05,1868,05,-0.08436363636363638
1868/06,1868,06,-0.18254545454545454
1868/07,1868,07,0.13536363636363635
1868/08,1868,08,-0.046363636363636364
1868/09,1868,09,-0.20463636363636362
1868/10,1868,10,-0.23927272727272728
1868/11,1868,11,-0.5086363636363637
1868/12,1868,12,-0.13454545454545455
1869/01,1869,01,-0.25336363636363635
1869/02,1869,02,0.2523636363636364
1869/03,1869,03,-0.5925454545454546
1869/04,1869,04,-0.22127272727272726
1869/05,1869,05,-0.28290909090909094
1869/06,1869,06,-0.37872727272727275
1869/07,1869,07,-0.2956363636363636
1869/08,1869,08,-0.086
1869/09,1869,09,-0.19481818181818183
1869/10,1869,10,-0.4188181818181818
1869/11,1869,11,-0.3727272727272728
1869/12,1869,12,-0.3590909090909091
1870/01,1870,01,-0.08327272727272728
1870/02,1870,02,-0.4568181818181818
1870/03,1870,03,-0.4010909090909091
1870/04,1870,04,-0.2049090909090909
1870/05,1870,05,-0.17027272727272724
1870/06,1870,06,-0.21790909090909089
1870/07,1870,07,0.017727272727272734
1870/08,1870,08,-0.26136363636363635
1870/09,1870,09,-0.26545454545454544
1870/10,1870,10,-0.4044545454545455
1870/11,1870,11,-0.169
1870/12,1870,12,-0.722090909090909
1871/01,1871,01,-0.5297272727272728
1871/02,1871,02,-0.5489999999999999
1871/03,1871,03,0.000636363636363637
1871/04,1871,04,-0.1390909090909091
1871/05,1871,05,-0.31145454545454543
1871/06,1871,06,-0.2238181818181818
1871/07,1871,07,-0.013545454545454548
1871/08,1871,08,-0.2220909090909091
1871/09,1871,09,-0.4544545454545455
1871/10,1871,10,-0.48309090909090907
1871/11,1871,11,-0.5387272727272726
1871/12,1871,12,-0.5650000000000001
1872/01,1872,01,-0.31154545454545457
1872/02,1872,02,-0.40736363636363637
1872/03,1872,03,-0.4725454545454546
1872/04,1872,04,-0.14863636363636362
1872/05,1872,05,-0.043818181818181826
1872/06,1872,06,-0.20727272727272725
1872/07,1872,07,-0.11245454545454546
1872/08,1872,08,-0.028727272727272723
1872/09,1872,09,-0.12754545454545452
1872/10,1872,10,-0.22790909090909092
1872/11,1872,11,-0.24363636363636365
1872/12,1872,12,-0.42781818181818176
1873/01,1873,01,-0.03118181818181819
1873/02,1873,02,-0.34681818181818175
1873/03,1873,03,-0.293
1873/04,1873,04,-0.5239090909090909
1873/05,1873,05,-0.41427272727272724
1873/06,1873,06,-0.2579090909090909
1873/07,1873,07,-0.14881818181818182
1873/08,1873,08,-0.1590909090909091
1873/09,1873,09,-0.35436363636363627
1873/10,1873,10,-0.4011818181818182
1873/11,1873,11,-0.463
1873/12,1873,12,-0.2728181818181818
1874/01,1874,01,0.06163636363636365
1874/02,1874,02,-0.4384545454545455
1874/03,1874,03,-0.559
1874/04,1874,04,-0.503
1874/05,1874,05,-0.46827272727272723
1874/06,1874,06,-0.45827272727272733
1874/07,1874,07,-0.16963636363636364
1874/08,1874,08,-0.3648181818181818
1874/09,1874,09,-0.205
1874/10,1874,10,-0.43454545454545457
1874/11,1874,11,-0.5000909090909091
1874/12,1874,12,-0.4046363636363636
1875/01,1875,01,-0.5717272727272728
1875/02,1875,02,-0.5990909090909091
1875/03,1875,03,-0.5993636363636363
1875/04,1875,04,-0.46636363636363637
1875/05,1875,05,-0.17799999999999996
1875/06,1875,06,-0.23372727272727276
1875/07,1875,07,-0.3000909090909091
1875/08,1875,08,-0.18281818181818182
1875/09,1875,09,-0.27145454545454545
1875/10,1875,10,-0.3644545454545455
1875/11,1875,11,-0.5039999999999999
1875/12,1875,12,-0.5073636363636363
1876/01,1876,01,-0.3155454545454546
1876/02,1876,02,-0.2812727272727273
1876/03,1876,03,-0.3900909090909091
1876/04,1876,04,-0.29863636363636364
1876/05,1876,05,-0.5371818181818182
1876/06,1876,06,-0.28490909090909095
1876/07,1876,07,-0.13754545454545458
1876/08,1876,08,-0.24927272727272728
1876/09,1876,09,-0.43772727272727274
1876/10,1876,10,-0.3900909090909091
1876/11,1876,11,-0.5862727272727272
1876/12,1876,12,-0.7166363636363636
1877/01,1877,01,-0.3294545454545454
1877/02,1877,02,0.04736363636363636
1877/03,1877,03,-0.28236363636363637
1877/04,1877,04,-0.32245454545454544
1877/05,1877,05,-0.4572727272727271
1877/06,1877,06,-0.09427272727272729
1877/07,1877,07,0.011181818181818176
1877/08,1877,08,0.14545454545454548
1877/09,1877,09,0.026000000000000002
1877/10,1877,10,0.06136363636363637
1877/11,1877,11,0.09727272727272726
1877/12,1877,12,0.17163636363636364
1878/01,1878,01,0.17245454545454544
1878/02,1878,02,0.40199999999999997
1878/03,1878,03,0.3407272727272727
1878/04,1878,04,0.31809090909090915
1878/05,1878,05,-0.08718181818181817
1878/06,1878,06,0.017727272727272727
1878/07,1878,07,-0.05118181818181819
1878/08,1878,08,-0.02472727272727272
1878/09,1878,09,0.014909090909090912
1878/10,1878,10,-0.12218181818181817
1878/11,1878,11,-0.20154545454545456
1878/12,1878,12,-0.3564545454545454
1879/01,1879,01,-0.19609090909090907
1879/02,1879,02,-0.1506363636363636
1879/03,1879,03,-0.09672727272727272
1879/04,1879,04,-0.21363636363636365
1879/05,1879,05,-0.21454545454545457
1879/06,1879,06,-0.27190909090909093
1879/07,1879,07,-0.23218181818181816
1879/08,1879,08,-0.1667272727272727
1879/09,1879,09,-0.21672727272727277
1879/10,1879,10,-0.12145454545454547
1879/11,1879,11,-0.3893636363636364
1879/12,1879,12,-0.5156363636363636
1880/01,1880,01,-0.06672727272727273
1880/02,1880,02,-0.17372727272727273
1880/03,1880,03,-0.10672727272727273
1880/04,1880,04,-0.14927272727272725
1880/05,1880,05,-0.24790909090909088
1880/06,1880,06,-0.30736363636363634
1880/07,1880,07,-0.247
1880/08,1880,08,-0.11790909090909092
1880/09,1880,09,-0.23672727272727273
1880/10,1880,10,-0.3856363636363636
1880/11,1880,11,-0.40745454545454546
1880/12,1880,12,-0.2950909090909091
1881/01,1881,01,-0.35627272727272724
1881/02,1881,02,-0.23572727272727273
1881/03,1881,03,-0.1827272727272727
1881/04,1881,04,-0.13118181818181818
1881/05,1881,05,-0.03272727272727274
1881/06,1881,06,-0.23118181818181818
1881/07,1881,07,-0.14736363636363636
1881/08,1881,08,-0.12218181818181817
1881/09,1881,09,-0.2412727272727273
1881/10,1881,10,-0.27436363636363637
1881/11,1881,11,-0.3332727272727273
1881/12,1881,12,-0.13136363636363635
1882/01,1882,01,0.12390909090909089
1882/02,1882,02,-0.009090909090909089
1882/03,1882,03,-0.052181818181818176
1882/04,1882,04,-0.2826363636363636
1882/05,1882,05,-0.37636363636363634
1882/06,1882,06,-0.3179090909090909
1882/07,1882,07,-0.18700000000000003
1882/08,1882,08,-0.22054545454545457
1882/09,1882,09,-0.15854545454545454
1882/10,1882,10,-0.32981818181818184
1882/11,1882,11,-0.31118181818181817
1882/12,1882,12,-0.4721818181818182
1883/01,1883,01,-0.40254545454545454
1883/02,1883,02,-0.3204545454545455
1883/03,1883,03,-0.3473636363636364
1883/04,1883,04,-0.39718181818181825
1883/05,1883,05,-0.2581818181818182
1883/06,1883,06,-0.12390909090909089
1883/07,1883,07,-0.20072727272727278
1883/08,1883,08,-0.2114545454545455
1883/09,1883,09,-0.28090909090909094
1883/10,1883,10,-0.3785454545454546
1883/11,1883,11,-0.31209090909090903
1883/12,1883,12,-0.3234545454545455
1884/01,1884,01,-0.4047272727272727
1884/02,1884,02,-0.21827272727272728
1884/03,1884,03,-0.46118181818181814
1884/04,1884,04,-0.5267272727272727
1884/05,1884,05,-0.3986363636363636
1884/06,1884,06,-0.41154545454545455
1884/07,1884,07,-0.42545454545454553
1884/08,1884,08,-0.41427272727272724
1884/09,1884,09,-0.3478181818181818
1884/10,1884,10,-0.33272727272727276
1884/11,1884,11,-0.5673636363636364
1884/12,1884,12,-0.4151818181818181
1885/01,1885,01,-0.5050909090909091
1885/02,1885,02,-0.4137272727272727
1885/03,1885,03,-0.48318181818181816
1885/04,1885,04,-0.4696363636363637
1885/05,1885,05,-0.5217272727272727
1885/06,1885,06,-0.48727272727272725
1885/07,1885,07,-0.31681818181818183
1885/08,1885,08,-0.5063636363636363
1885/09,1885,09,-0.33009090909090905
1885/10,1885,10,-0.2415454545454545
1885/11,1885,11,-0.26236363636363635
1885/12,1885,12,-0.15454545454545457
1886/01,1886,01,-0.3991818181818182
1886/02,1886,02,-0.4705454545454545
1886/03,1886,03,-0.4123636363636363
1886/04,1886,04,-0.3386363636363636
1886/05,1886,05,-0.19000000000000003
1886/06,1886,06,-0.3821818181818182
1886/07,1886,07,-0.27990909090909094
1886/08,1886,08,-0.335
1886/09,1886,09,-0.43290909090909085
1886/10,1886,10,-0.36054545454545456
1886/11,1886,11,-0.4239999999999999
1886/12,1886,12,-0.42054545454545456
1887/01,1887,01,-0.5682727272727273
1887/02,1887,02,-0.5574545454545454
1887/03,1887,03,-0.45827272727272733
1887/04,1887,04,-0.4362727272727273
1887/05,1887,05,-0.3571818181818182
1887/06,1887,06,-0.40481818181818174
1887/07,1887,07,-0.2756363636363636
1887/08,1887,08,-0.3650909090909091
1887/09,1887,09,-0.3382727272727273
1887/10,1887,10,-0.4975454545454546
1887/11,1887,11,-0.4047272727272727
1887/12,1887,12,-0.39645454545454545
1888/01,1888,01,-0.5923636363636364
1888/02,1888,02,-0.44281818181818183
1888/03,1888,03,-0.5352727272727273
1888/04,1888,04,-0.23927272727272725
1888/05,1888,05,-0.34845454545454546
1888/06,1888,06,-0.29445454545454547
1888/07,1888,07,-0.3034545454545455
1888/08,1888,08,-0.28063636363636363
1888/09,1888,09,-0.22109090909090912
1888/10,1888,10,-0.09281818181818181
1888/11,1888,11,-0.1964545454545455
1888/12,1888,12,-0.17300000000000001
1889/01,1889,01,-0.06827272727272728
1889/02,1889,02,-0.085
1889/03,1889,03,-0.06509090909090907
1889/04,1889,04,0.009636363636363639
1889/05,1889,05,-0.08299999999999998
1889/06,1889,06,-0.14527272727272728
1889/07,1889,07,-0.19118181818181815
1889/08,1889,08,-0.22245454545454546
1889/09,1889,09,-0.38409090909090904
1889/10,1889,10,-0.2970000000000001
1889/11,1889,11,-0.3977272727272727
1889/12,1889,12,-0.1806363636363636
1890/01,1890,01,-0.3303636363636363
1890/02,1890,02,-0.3696363636363637
1890/03,1890,03,-0.4633636363636364
1890/04,1890,04,-0.32427272727272727
1890/05,1890,05,-0.4206363636363637
1890/06,1890,06,-0.37327272727272726
1890/07,1890,07,-0.4065454545454546
1890/08,1890,08,-0.42118181818181816
1890/09,1890,09,-0.47536363636363627
1890/10,1890,10,-0.49827272727272726
1890/11,1890,11,-0.5568181818181818
1890/12,1890,12,-0.4137272727272727
1891/01,1891,01,-0.5142727272727272
1891/02,1891,02,-0.47590909090909095
1891/03,1891,03,-0.3640909090909091
1891/04,1891,04,-0.3591818181818181
1891/05,1891,05,-0.20354545454545458
1891/06,1891,06,-0.29
1891/07,1891,07,-0.3231818181818182
1891/08,1891,08,-0.3179090909090909
1891/09,1891,09,-0.19699999999999998
1891/10,1891,10,-0.32563636363636356
1891/11,1891,11,-0.5404545454545455
1891/12,1891,12,-0.11818181818181818
1892/01,1892,01,-0.4014545454545455
1892/02,1892,02,-0.11509090909090909
1892/03,1892,03,-0.47100000000000003
1892/04,1892,04,-0.48545454545454536
1892/05,1892,05,-0.4064545454545454
1892/06,1892,06,-0.46054545454545454
1892/07,1892,07,-0.5276363636363637
1892/08,1892,08,-0.44790909090909087
1892/09,1892,09,-0.32954545454545453
1892/10,1892,10,-0.44436363636363635
1892/11,1892,11,-0.6268181818181818
1892/12,1892,12,-0.7969999999999999
1893/01,1893,01,-0.9780909090909091
1893/02,1893,02,-0.7292727272727273
1893/03,1893,03,-0.375
1893/04,1893,04,-0.5686363636363637
1893/05,1893,05,-0.5624545454545454
1893/06,1893,06,-0.4612727272727273
1893/07,1893,07,-0.2784545454545454
1893/08,1893,08,-0.29700000000000004
1893/09,1893,09,-0.43390909090909097
1893/10,1893,10,-0.2767272727272727
1893/11,1893,11,-0.41572727272727267
1893/12,1893,12,-0.34118181818181825
1894/01,1894,01,-0.46827272727272734
1894/02,1894,02,-0.37654545454545457
1894/03,1894,03,-0.38218181818181823
1894/04,1894,04,-0.3901818181818182
1894/05,1894,05,-0.427
1894/06,1894,06,-0.49354545454545456
1894/07,1894,07,-0.31736363636363635
1894/08,1894,08,-0.34454545454545454
1894/09,1894,09,-0.4607272727272727
1894/10,1894,10,-0.44581818181818184
1894/11,1894,11,-0.4219090909090909
1894/12,1894,12,-0.4125454545454545
1895/01,1895,01,-0.5014545454545455
1895/02,1895,02,-0.6805454545454546
1895/03,1895,03,-0.5225454545454545
1895/04,1895,04,-0.40645454545454546
1895/05,1895,05,-0.4183636363636364
1895/06,1895,06,-0.33518181818181814
1895/07,1895,07,-0.3482727272727273
1895/08,1895,08,-0.2644545454545455
1895/09,1895,09,-0.2877272727272727
1895/10,1895,10,-0.33736363636363637
1895/11,1895,11,-0.29700000000000004
1895/12,1895,12,-0.3205454545454546
1896/01,1896,01,-0.22263636363636358
1896/02,1896,02,-0.23154545454545455
1896/03,1896,03,-0.38845454545454544
1896/04,1896,04,-0.3527272727272727
1896/05,1896,05,-0.21054545454545454
1896/06,1896,06,-0.121
1896/07,1896,07,-0.11327272727272729
1896/08,1896,08,-0.06581818181818182
1896/09,1896,09,-0.11263636363636365
1896/10,1896,10,-0.12409090909090911
1896/11,1896,11,-0.2862727272727273
1896/12,1896,12,-0.03718181818181819
1897/01,1897,01,-0.20418181818181821
1897/02,1897,02,-0.12763636363636366
1897/03,1897,03,-0.2781818181818182
1897/04,1897,04,-0.07709090909090908
1897/05,1897,05,-0.03354545454545455
1897/06,1897,06,-0.15663636363636366
1897/07,1897,07,-0.15736363636363637
1897/08,1897,08,-0.15154545454545454
1897/09,1897,09,-0.1378181818181818
1897/10,1897,10,-0.25827272727272726
1897/11,1897,11,-0.4520000000000001
1897/12,1897,12,-0.48027272727272724
1898/01,1898,01,-0.08600000000000001
1898/02,1898,02,-0.3841818181818182
1898/03,1898,03,-0.7498181818181819
1898/04,1898,04,-0.5738181818181819
1898/05,1898,05,-0.47818181818181815
1898/06,1898,06,-0.3221818181818182
1898/07,1898,07,-0.37772727272727274
1898/08,1898,08,-0.30963636363636365
1898/09,1898,09,-0.3354545454545455
1898/10,1898,10,-0.5558181818181818
1898/11,1898,11,-0.44845454545454544
1898/12,1898,12,-0.34863636363636363
1899/01,1899,01,-0.21118181818181817
1899/02,1899,02,-0.4974545454545454
1899/03,1899,03,-0.5462727272727272
1899/04,1899,04,-0.35127272727272724
1899/05,1899,05,-0.31836363636363635
1899/06,1899,06,-0.39190909090909093
1899/07,1899,07,-0.27481818181818185
1899/08,1899,08,-0.1498181818181818
1899/09,1899,09,-0.13718181818181818
1899/10,1899,10,-0.1881818181818182
1899/11,1899,11,0.02681818181818182
1899/12,1899,12,-0.4518181818181819
1900/01,1900,01,-0.26754545454545453
1900/02,1900,02,-0.17581818181818182
1900/03,1900,03,-0.2873636363636364
1900/04,1900,04,-0.2607272727272727
1900/05,1900,05,-0.2759090909090909
1900/06,1900,06,-0.18163636363636362
1900/07,1900,07,-0.19027272727272726
1900/08,1900,08,-0.18727272727272729
1900/09,1900,09,-0.23345454545454547
1900/10,1900,10,-0.05945454545454545
1900/11,1900,11,-0.26209090909090904
1900/12,1900,12,-0.07845454545454544
1901/01,1901,01,-0.17845454545454545
1901/02,1901,02,-0.27572727272727265
1901/03,1901,03,-0.238
1901/04,1901,04,-0.188
1901/05,1901,05,-0.2008181818181818
1901/06,1901,06,-0.14836363636363636
1901/07,1901,07,-0.1881818181818182
1901/08,1901,08,-0.1990909090909091
1901/09,1901,09,-0.34618181818181815
1901/10,1901,10,-0.2985454545454545
1901/11,1901,11,-0.4408181818181818
1901/12,1901,12,-0.4299090909090909
1902/01,1902,01,-0.234
1902/02,1902,02,-0.2629090909090909
1902/03,1902,03,-0.3985454545454546
1902/04,1902,04,-0.4501818181818182
1902/05,1902,05,-0.40454545454545454
1902/06,1902,06,-0.4267272727272728
1902/07,1902,07,-0.3916363636363636
1902/08,1902,08,-0.37054545454545457
1902/09,1902,09,-0.36327272727272725
1902/10,1902,10,-0.478
1902/11,1902,11,-0.5388181818181818
1902/12,1902,12,-0.5289090909090909
1903/01,1903,01,-0.27054545454545453
1903/02,1903,02,-0.18672727272727274
1903/03,1903,03,-0.35827272727272735
1903/04,1903,04,-0.47263636363636363
1903/05,1903,05,-0.4666363636363636
1903/06,1903,06,-0.5400909090909091
1903/07,1903,07,-0.48536363636363633
1903/08,1903,08,-0.5904545454545456
1903/09,1903,09,-0.5202727272727272
1903/10,1903,10,-0.6542727272727272
1903/11,1903,11,-0.6355454545454545
1903/12,1903,12,-0.6051818181818182
1904/01,1904,01,-0.6459999999999999
1904/02,1904,02,-0.5950909090909092
1904/03,1904,03,-0.6619090909090909
1904/04,1904,04,-0.5540000000000002
1904/05,1904,05,-0.5320909090909092
1904/06,1904,06,-0.5259090909090909
1904/07,1904,07,-0.5221818181818182
1904/08,1904,08,-0.48009090909090907
1904/09,1904,09,-0.4801818181818182
1904/10,1904,10,-0.4733636363636364
1904/11,1904,11,-0.38763636363636356
1904/12,1904,12,-0.4088181818181818
1905/01,1905,01,-0.4601818181818183
1905/02,1905,02,-0.7089090909090909
1905/03,1905,03,-0.46345454545454545
1905/04,1905,04,-0.5530909090909092
1905/05,1905,05,-0.3499999999999999
1905/06,1905,06,-0.31609090909090914
1905/07,1905,07,-0.29554545454545456
1905/08,1905,08,-0.30327272727272725
1905/09,1905,09,-0.3140909090909091
1905/10,1905,10,-0.3639090909090909
1905/11,1905,11,-0.21881818181818183
1905/12,1905,12,-0.19954545454545458
1906/01,1906,01,-0.07663636363636361
1906/02,1906,02,-0.2283636363636364
1906/03,1906,03,-0.28445454545454546
1906/04,1906,04,-0.11309090909090908
1906/05,1906,05,-0.33254545454545453
1906/06,1906,06,-0.29
1906/07,1906,07,-0.31445454545454543
1906/08,1906,08,-0.32036363636363635
1906/09,1906,09,-0.3875454545454545
1906/10,1906,10,-0.3503636363636364
1906/11,1906,11,-0.4278181818181819
1906/12,1906,12,-0.2832727272727273
1907/01,1907,01,-0.4310909090909092
1907/02,1907,02,-0.5149999999999999
1907/03,1907,03,-0.33945454545454545
1907/04,1907,04,-0.5044545454545454
1907/05,1907,05,-0.560818181818182
1907/06,1907,06,-0.527
1907/07,1907,07,-0.40072727272727277
1907/08,1907,08,-0.45736363636363647
1907/09,1907,09,-0.40745454545454546
1907/10,1907,10,-0.3598181818181818
1907/11,1907,11,-0.5850909090909091
1907/12,1907,12,-0.5261818181818181
1908/01,1908,01,-0.41400000000000003
1908/02,1908,02,-0.4174545454545454
1908/03,1908,03,-0.6367272727272727
1908/04,1908,04,-0.5487272727272727
1908/05,1908,05,-0.4783636363636363
1908/06,1908,06,-0.4757272727272727
1908/07,1908,07,-0.46854545454545454
1908/08,1908,08,-0.5341818181818182
1908/09,1908,09,-0.4552727272727273
1908/10,1908,10,-0.5790909090909092
1908/11,1908,11,-0.5981818181818181
1908/12,1908,12,-0.5684545454545454
1909/01,1909,01,-0.5777272727272728
1909/02,1909,02,-0.5339999999999999
1909/03,1909,03,-0.6899090909090909
1909/04,1909,04,-0.6029090909090908
1909/05,1909,05,-0.5898181818181817
1909/06,1909,06,-0.5148181818181818
1909/07,1909,07,-0.5744545454545456
1909/08,1909,08,-0.31736363636363635
1909/09,1909,09,-0.39945454545454545
1909/10,1909,10,-0.482
1909/11,1909,11,-0.4235454545454546
1909/12,1909,12,-0.5910909090909091
1910/01,1910,01,-0.3529090909090909
1910/02,1910,02,-0.5160909090909093
1910/03,1910,03,-0.48718181818181827
1910/04,1910,04,-0.44954545454545464
1910/05,1910,05,-0.47054545454545454
1910/06,1910,06,-0.48454545454545456
1910/07,1910,07,-0.4642727272727274
1910/08,1910,08,-0.4394545454545455
1910/09,1910,09,-0.44190909090909086
1910/10,1910,10,-0.48381818181818176
1910/11,1910,11,-0.6540909090909092
1910/12,1910,12,-0.6670909090909092
1911/01,1911,01,-0.5548181818181818
1911/02,1911,02,-0.7561818181818182
1911/03,1911,03,-0.6991818181818181
1911/04,1911,04,-0.7143636363636364
1911/05,1911,05,-0.6045454545454546
1911/06,1911,06,-0.5685454545454546
1911/07,1911,07,-0.5099090909090909
1911/08,1911,08,-0.5018181818181818
1911/09,1911,09,-0.512
1911/10,1911,10,-0.46509090909090917
1911/11,1911,11,-0.375
1911/12,1911,12,-0.29500000000000004
1912/01,1912,01,-0.3612727272727272
1912/02,1912,02,-0.2907272727272728
1912/03,1912,03,-0.38445454545454544
1912/04,1912,04,-0.3406363636363637
1912/05,1912,05,-0.37945454545454543
1912/06,1912,06,-0.31336363636363634
1912/07,1912,07,-0.4530909090909091
1912/08,1912,08,-0.5584545454545454
1912/09,1912,09,-0.5588181818181819
1912/10,1912,10,-0.6428181818181817
1912/11,1912,11,-0.5191818181818181
1912/12,1912,12,-0.4846363636363636
1913/01,1913,01,-0.4521818181818182
1913/02,1913,02,-0.509090909090909
1913/03,1913,03,-0.5360909090909091
1913/04,1913,04,-0.42918181818181816
1913/05,1913,05,-0.5159090909090909
1913/06,1913,06,-0.5060909090909091
1913/07,1913,07,-0.4314545454545455
1913/08,1913,08,-0.391
1913/09,1913,09,-0.4281818181818183
1913/10,1913,10,-0.4258181818181818
1913/11,1913,11,-0.2661818181818182
1913/12,1913,12,-0.2302727272727273
1914/01,1914,01,-0.07963636363636363
1914/02,1914,02,-0.21372727272727274
1914/03,1914,03,-0.3245454545454545
1914/04,1914,04,-0.38927272727272727
1914/05,1914,05,-0.286090909090909
1914/06,1914,06,-0.2829090909090909
1914/07,1914,07,-0.328
1914/08,1914,08,-0.21563636363636363
1914/09,1914,09,-0.2560909090909091
1914/10,1914,10,-0.14627272727272728
1914/11,1914,11,-0.18472727272727268
1914/12,1914,12,-0.24945454545454548
1915/01,1915,01,-0.11272727272727273
1915/02,1915,02,-0.04709090909090909
1915/03,1915,03,-0.18709090909090909
1915/04,1915,04,-0.04472727272727274
1915/05,1915,05,-0.20127272727272727
1915/06,1915,06,-0.2169090909090909
1915/07,1915,07,-0.09863636363636363
1915/08,1915,08,-0.06672727272727273
1915/09,1915,09,-0.13
1915/10,1915,10,-0.25381818181818183
1915/11,1915,11,-0.13772727272727273
1915/12,1915,12,-0.2526363636363636
1916/01,1916,01,-0.23390909090909096
1916/02,1916,02,-0.18336363636363637
1916/03,1916,03,-0.40418181818181814
1916/04,1916,04,-0.33709090909090905
1916/05,1916,05,-0.35490909090909084
1916/06,1916,06,-0.4728181818181818
1916/07,1916,07,-0.3766363636363637
1916/08,1916,08,-0.34281818181818186
1916/09,1916,09,-0.33581818181818185
1916/10,1916,10,-0.3954545454545455
1916/11,1916,11,-0.5743636363636363
1916/12,1916,12,-0.6285454545454545
1917/01,1917,01,-0.6793636363636364
1917/02,1917,02,-0.7655454545454545
1917/03,1917,03,-0.8307272727272725
1917/04,1917,04,-0.47627272727272735
1917/05,1917,05,-0.6663636363636365
1917/06,1917,06,-0.3577272727272727
1917/07,1917,07,-0.12209090909090912
1917/08,1917,08,-0.22545454545454546
1917/09,1917,09,-0.12545454545454546
1917/10,1917,10,-0.38572727272727275
1917/11,1917,11,-0.3855454545454545
1917/12,1917,12,-0.6355454545454544
1918/01,1918,01,-0.5023636363636363
1918/02,1918,02,-0.5153636363636364
1918/03,1918,03,-0.4432727272727273
1918/04,1918,04,-0.4875454545454545
1918/05,1918,05,-0.431
1918/06,1918,06,-0.32945454545454544
1918/07,1918,07,-0.33499999999999996
1918/08,1918,08,-0.35745454545454547
1918/09,1918,09,-0.24463636363636362
1918/10,1918,10,-0.09536363636363637
1918/11,1918,11,-0.049727272727272724
1918/12,1918,12,-0.23145454545454547
1919/01,1919,01,-0.10763636363636363
1919/02,1919,02,-0.08554545454545454
1919/03,1919,03,-0.30754545454545457
1919/04,1919,04,-0.07136363636363637
1919/05,1919,05,-0.25790909090909087
1919/06,1919,06,-0.25399999999999995
1919/07,1919,07,-0.3599090909090909
1919/08,1919,08,-0.33727272727272734
1919/09,1919,09,-0.24018181818181816
1919/10,1919,10,-0.2984545454545455
1919/11,1919,11,-0.5333636363636364
1919/12,1919,12,-0.45990909090909093
1920/01,1920,01,-0.23790909090909088
1920/02,1920,02,-0.43009090909090913
1920/03,1920,03,-0.11709090909090909
1920/04,1920,04,-0.26172727272727264
1920/05,1920,05,-0.2032727272727273
1920/06,1920,06,-0.21099999999999997
1920/07,1920,07,-0.28509090909090906
1920/08,1920,08,-0.23209090909090913
1920/09,1920,09,-0.14127272727272727
1920/10,1920,10,-0.23154545454545453
1920/11,1920,11,-0.28818181818181815
1920/12,1920,12,-0.35790909090909084
1921/01,1921,01,-0.14054545454545456
1921/02,1921,02,-0.18563636363636365
1921/03,1921,03,-0.24627272727272723
1921/04,1921,04,-0.2167272727272727
1921/05,1921,05,-0.20672727272727273
1921/06,1921,06,-0.12418181818181817
1921/07,1921,07,-0.14190909090909093
1921/08,1921,08,-0.28027272727272723
1921/09,1921,09,-0.16636363636363638
1921/10,1921,10,-0.14363636363636367
1921/11,1921,11,-0.30136363636363633
1921/12,1921,12,-0.14745454545454548
1922/01,1922,01,-0.3868181818181818
1922/02,1922,02,-0.27799999999999997
1922/03,1922,03,-0.26372727272727275
1922/04,1922,04,-0.2299090909090909
1922/05,1922,05,-0.3740909090909091
1922/06,1922,06,-0.32581818181818184
1922/07,1922,07,-0.22890909090909084
1922/08,1922,08,-0.3464545454545455
1922/09,1922,09,-0.28209090909090906
1922/10,1922,10,-0.32954545454545453
1922/11,1922,11,-0.2928181818181818
1922/12,1922,12,-0.3088181818181818
1923/01,1923,01,-0.2369090909090909
1923/02,1923,02,-0.4220909090909091
1923/03,1923,03,-0.40854545454545454
1923/04,1923,04,-0.35745454545454547
1923/05,1923,05,-0.3222727272727273
1923/06,1923,06,-0.2466363636363636
1923/07,1923,07,-0.35418181818181815
1923/08,1923,08,-0.3756363636363637
1923/09,1923,09,-0.328
1923/10,1923,10,-0.2698181818181818
1923/11,1923,11,-0.023363636363636364
1923/12,1923,12,-0.015181818181818185
1924/01,1924,01,-0.3141818181818181
1924/02,1924,02,-0.20554545454545456
1924/03,1924,03,-0.26818181818181813
1924/04,1924,04,-0.2790909090909091
1924/05,1924,05,-0.24836363636363634
1924/06,1924,06,-0.2171818181818182
1924/07,1924,07,-0.26490909090909087
1924/08,1924,08,-0.28263636363636363
1924/09,1924,09,-0.282
1924/10,1924,10,-0.31772727272727275
1924/11,1924,11,-0.36172727272727273
1924/12,1924,12,-0.5321818181818181
1925/01,1925,01,-0.40263636363636357
1925/02,1925,02,-0.30963636363636365
1925/03,1925,03,-0.22754545454545452
1925/04,1925,04,-0.2709090909090909
1925/05,1925,05,-0.2598181818181818
1925/06,1925,06,-0.2605454545454546
1925/07,1925,07,-0.21581818181818183
1925/08,1925,08,-0.12345454545454547
1925/09,1925,09,-0.19100000000000003
1925/10,1925,10,-0.3078181818181819
1925/11,1925,11,-0.06563636363636362
1925/12,1925,12,0.0010000000000000009
1926/01,1926,01,0.08436363636363638
1926/02,1926,02,-0.04218181818181817
1926/03,1926,03,-0.026636363636363646
1926/04,1926,04,-0.17254545454545453
1926/05,1926,05,-0.21881818181818183
1926/06,1926,06,-0.09172727272727271
1926/07,1926,07,-0.2402727272727273
1926/08,1926,08,-0.08781818181818181
1926/09,1926,09,-0.09745454545454547
1926/10,1926,10,-0.08736363636363637
1926/11,1926,11,-0.11190909090909092
1926/12,1926,12,-0.24681818181818185
1927/01,1927,01,-0.2597272727272727
1927/02,1927,02,-0.14654545454545456
1927/03,1927,03,-0.332
1927/04,1927,04,-0.25699999999999995
1927/05,1927,05,-0.26027272727272727
1927/06,1927,06,-0.24045454545454545
1927/07,1927,07,-0.14854545454545456
1927/08,1927,08,-0.1421818181818182
1927/09,1927,09,-0.13409090909090907
1927/10,1927,10,-0.03799999999999999
1927/11,1927,11,-0.1743636363636364
1927/12,1927,12,-0.42509090909090913
1928/01,1928,01,-0.052727272727272734
1928/02,1928,02,-0.13418181818181818
1928/03,1928,03,-0.342
1928/04,1928,04,-0.24981818181818183
1928/05,1928,05,-0.28345454545454546
1928/06,1928,06,-0.3404545454545454
1928/07,1928,07,-0.1660909090909091
1928/08,1928,08,-0.17109090909090907
1928/09,1928,09,-0.22
1928/10,1928,10,-0.15981818181818183
1928/11,1928,11,-0.15618181818181817
1928/12,1928,12,-0.24281818181818188
1929/01,1929,01,-0.48699999999999993
1929/02,1929,02,-0.6711818181818181
1929/03,1929,03,-0.40490909090909094
1929/04,1929,04,-0.38990909090909087
1929/05,1929,05,-0.39236363636363636
1929/06,1929,06,-0.3537272727272727
1929/07,1929,07,-0.35827272727272724
1929/08,1929,08,-0.18445454545454545
1929/09,1929,09,-0.2632727272727273
1929/10,1929,10,-0.17581818181818182
1929/11,1929,11,-0.07336363636363635
1929/12,1929,12,-0.49063636363636365
1930/01,1930,01,-0.32790909090909093
1930/02,1930,02,-0.2888181818181818
1930/03,1930,03,-0.14581818181818185
1930/04,1930,04,-0.20190909090909093
1930/05,1930,05,-0.20345454545454544
1930/06,1930,06,-0.16563636363636366
1930/07,1930,07,-0.12136363636363635
1930/08,1930,08,-0.052
1930/09,1930,09,-0.07972727272727273
1930/10,1930,10,-0.08600000000000002
1930/11,1930,11,0.07536363636363637
1930/12,1930,12,-0.084
1931/01,1931,01,-0.007727272727272732
1931/02,1931,02,-0.16381818181818183
1931/03,1931,03,-0.119
1931/04,1931,04,-0.18163636363636362
1931/05,1931,05,-0.1680909090909091
1931/06,1931,06,-0.04100000000000001
1931/07,1931,07,0.0026363636363636337
1931/08,1931,08,-0.04872727272727273
1931/09,1931,09,-0.0499090909090909
1931/10,1931,10,-0.04236363636363637
1931/11,1931,11,-0.15509090909090908
1931/12,1931,12,-0.10981818181818181
1932/01,1932,01,0.15663636363636363
1932/02,1932,02,-0.19736363636363638
1932/03,1932,03,-0.24081818181818182
1932/04,1932,04,-0.06936363636363635
1932/05,1932,05,-0.1719090909090909
1932/06,1932,06,-0.1918181818181818
1932/07,1932,07,-0.12763636363636363
1932/08,1932,08,-0.19281818181818186
1932/09,1932,09,-0.04045454545454546
1932/10,1932,10,-0.17263636363636364
1932/11,1932,11,-0.23709090909090905
1932/12,1932,12,-0.19809090909090907
1933/01,1933,01,-0.29554545454545456
1933/02,1933,02,-0.3253636363636364
1933/03,1933,03,-0.3442727272727273
1933/04,1933,04,-0.22218181818181817
1933/05,1933,05,-0.21490909090909094
1933/06,1933,06,-0.2618181818181818
1933/07,1933,07,-0.1841818181818182
1933/08,1933,08,-0.17445454545454545
1933/09,1933,09,-0.2368181818181818
1933/10,1933,10,-0.20199999999999999
1933/11,1933,11,-0.3195454545454546
1933/12,1933,12,-0.5357272727272727
1934/01,1934,01,-0.22663636363636364
1934/02,1934,02,-0.167
1934/03,1934,03,-0.39327272727272733
1934/04,1934,04,-0.25063636363636366
1934/05,1934,05,-0.08490909090909092
1934/06,1934,06,-0.04327272727272728
1934/07,1934,07,-0.0678181818181818
1934/08,1934,08,-0.05472727272727273
1934/09,1934,09,-0.10236363636363635
1934/10,1934,10,-0.08881818181818184
1934/11,1934,11,0.019363636363636364
1934/12,1934,12,-0.14663636363636365
1935/01,1935,01,-0.23463636363636364
1935/02,1935,02,0.10018181818181819
1935/03,1935,03,-0.22718181818181823
1935/04,1935,04,-0.27272727272727276
1935/05,1935,05,-0.24763636363636357
1935/06,1935,06,-0.18754545454545457
1935/07,1935,07,-0.14245454545454547
1935/08,1935,08,-0.15054545454545454
1935/09,1935,09,-0.14181818181818182
1935/10,1935,10,-0.07254545454545455
1935/11,1935,11,-0.3094545454545454
1935/12,1935,12,-0.28036363636363637
1936/01,1936,01,-0.3114545454545455
1936/02,1936,02,-0.3653636363636364
1936/03,1936,03,-0.3068181818181818
1936/04,1936,04,-0.2131818181818182
1936/05,1936,05,-0.16254545454545455
1936/06,1936,06,-0.1608181818181818
1936/07,1936,07,-0.02072727272727273
1936/08,1936,08,-0.04145454545454545
1936/09,1936,09,-0.108
1936/10,1936,10,-0.0034545454545454575
1936/11,1936,11,-0.07245454545454547
1936/12,1936,12,-0.019545454545454546
1937/01,1937,01,-0.13536363636363635
1937/02,1937,02,0.03809090909090909
1937/03,1937,03,-0.27572727272727277
1937/04,1937,04,-0.1342727272727273
1937/05,1937,05,-0.08590909090909092
1937/06,1937,06,-0.005818181818181816
1937/07,1937,07,0.054
1937/08,1937,08,0.0880909090909091
1937/09,1937,09,0.115
1937/10,1937,10,0.12254545454545453
1937/11,1937,11,0.0
1937/12,1937,12,-0.11827272727272727
1938/01,1938,01,0.012090909090909091
1938/02,1938,02,0.016272727272727272
1938/03,1938,03,0.06009090909090909
1938/04,1938,04,0.077
1938/05,1938,05,-0.09563636363636364
1938/06,1938,06,-0.060000000000000005
1938/07,1938,07,-0.044545454545454534
1938/08,1938,08,0.018272727272727277
1938/09,1938,09,0.05427272727272727
1938/10,1938,10,0.14363636363636362
1938/11,1938,11,0.018909090909090907
1938/12,1938,12,-0.30009090909090913
1939/01,1939,01,-0.06945454545454545
1939/02,1939,02,-0.04690909090909091
1939/03,1939,03,-0.26818181818181813
1939/04,1939,04,-0.10527272727272724
1939/05,1939,05,-0.03381818181818182
1939/06,1939,06,0.061090909090909085
1939/07,1939,07,0.04709090909090909
1939/08,1939,08,0.038272727272727264
1939/09,1939,09,-0.08027272727272726
1939/10,1939,10,-0.27781818181818185
1939/11,1939,11,-0.12909090909090912
1939/12,1939,12,0.2259090909090909
1940/01,1940,01,-0.19109090909090912
1940/02,1940,02,-0.04400000000000001
1940/03,1940,03,-0.11736363636363635
1940/04,1940,04,0.046636363636363636
1940/05,1940,05,0.017636363636363638
1940/06,1940,06,0.033909090909090916
1940/07,1940,07,0.14163636363636362
1940/08,1940,08,0.043818181818181805
1940/09,1940,09,0.12418181818181818
1940/10,1940,10,0.011363636363636366
1940/11,1940,11,-0.06799999999999999
1940/12,1940,12,0.1594545454545454
1941/01,1941,01,-0.09136363636363636
1941/02,1941,02,-0.016454545454545458
1941/03,1941,03,-0.13599999999999998
1941/04,1941,04,0.016545454545454547
1941/05,1941,05,-0.026000000000000002
1941/06,1941,06,0.11554545454545453
1941/07,1941,07,0.12036363636363637
1941/08,1941,08,0.023
1941/09,1941,09,-0.13618181818181815
1941/10,1941,10,0.21318181818181817
1941/11,1941,11,0.04827272727272727
1941/12,1941,12,0.09345454545454546
1942/01,1942,01,0.20509090909090907
1942/02,1942,02,-0.08881818181818181
1942/03,1942,03,-0.09372727272727271
1942/04,1942,04,-0.068
1942/05,1942,05,-0.02172727272727273
1942/06,1942,06,0.03190909090909091
1942/07,1942,07,-0.08263636363636363
1942/08,1942,08,-0.06936363636363635
1942/09,1942,09,0.00027272727272727295
1942/10,1942,10,-0.0870909090909091
1942/11,1942,11,-0.06836363636363635
1942/12,1942,12,-0.0033636363636363642
1943/01,1943,01,-0.2150909090909091
1943/02,1943,02,0.06772727272727273
1943/03,1943,03,-0.20609090909090907
1943/04,1943,04,-0.003727272727272728
1943/05,1943,05,-0.02072727272727273
1943/06,1943,06,-0.09645454545454545
1943/07,1943,07,0.0006363636363636394
1943/08,1943,08,-0.010818181818181817
1943/09,1943,09,-0.02663636363636365
1943/10,1943,10,0.225
1943/11,1943,11,0.011727272727272727
1943/12,1943,12,0.18736363636363637
1944/01,1944,01,0.28
1944/02,1944,02,0.12636363636363637
1944/03,1944,03,0.1329090909090909
1944/04,1944,04,0.04572727272727273
1944/05,1944,05,0.05563636363636364
1944/06,1944,06,0.14972727272727274
1944/07,1944,07,0.21827272727272726
1944/08,1944,08,0.2328181818181818
1944/09,1944,09,0.2913636363636364
1944/10,1944,10,0.20636363636363636
1944/11,1944,11,0.004363636363636362
1944/12,1944,12,-0.03854545454545455
1945/01,1945,01,-0.011636363636363634
1945/02,1945,02,-0.10318181818181818
1945/03,1945,03,-0.049818181818181824
1945/04,1945,04,0.165
1945/05,1945,05,-0.10990909090909091
1945/06,1945,06,-0.005454545454545454
1945/07,1945,07,-0.08563636363636364
1945/08,1945,08,0.3619090909090909
1945/09,1945,09,0.1592727272727273
1945/10,1945,10,0.1698181818181818
1945/11,1945,11,-0.013272727272727275
1945/12,1945,12,-0.20354545454545453
1946/01,1946,01,0.09472727272727273
1946/02,1946,02,0.039181818181818186
1946/03,1946,03,-0.06263636363636363
1946/04,1946,04,0.13854545454545455
1946/05,1946,05,-0.11281818181818183
1946/06,1946,06,-0.2544545454545455
1946/07,1946,07,-0.04172727272727273
1946/08,1946,08,-0.14972727272727274
1946/09,1946,09,-0.017
1946/10,1946,10,-0.04963636363636364
1946/11,1946,11,-0.09699999999999999
1946/12,1946,12,-0.36100000000000004
1947/01,1947,01,-0.11263636363636365
1947/02,1947,02,-0.17454545454545453
1947/03,1947,03,-0.06463636363636363
1947/04,1947,04,0.08918181818181818
1947/05,1947,05,-0.05863636363636364
1947/06,1947,06,0.0040909090909090895
1947/07,1947,07,-0.0015454545454545443
1947/08,1947,08,-0.04018181818181818
1947/09,1947,09,-0.06854545454545455
1947/10,1947,10,0.07127272727272728
1947/11,1947,11,0.04227272727272727
1947/12,1947,12,-0.17663636363636365
1948/01,1948,01,0.09045454545454547
1948/02,1948,02,-0.12236363636363635
1948/03,1948,03,-0.1763636363636364
1948/04,1948,04,-0.046454545454545464
1948/05,1948,05,0.09818181818181819
1948/06,1948,06,0.06972727272727273
1948/07,1948,07,-0.1020909090909091
1948/08,1948,08,-0.004090909090909095
1948/09,1948,09,-0.05763636363636364
1948/10,1948,10,0.025272727272727277
1948/11,1948,11,-0.06199999999999999
1948/12,1948,12,-0.19863636363636364
1949/01,1949,01,0.14981818181818182
1949/02,1949,02,-0.143
1949/03,1949,03,-0.1738181818181818
1949/04,1949,04,0.002454545454545454
1949/05,1949,05,-0.054636363636363636
1949/06,1949,06,-0.184
1949/07,1949,07,-0.09727272727272726
1949/08,1949,08,-0.043
1949/09,1949,09,-0.0799090909090909
1949/10,1949,10,-0.03263636363636364
1949/11,1949,11,-0.0838181818181818
1949/12,1949,12,-0.19063636363636363
1950/01,1950,01,-0.31699999999999995
1950/02,1950,02,-0.24718181818181817
1950/03,1950,03,-0.18
1950/04,1950,04,-0.1729090909090909
1950/05,1950,05,-0.09463636363636363
1950/06,1950,06,-0.07490909090909091
1950/07,1950,07,-0.040090909090909094
1950/08,1950,08,-0.11954545454545457
1950/09,1950,09,-0.10581818181818181
1950/10,1950,10,-0.12663636363636363
1950/11,1950,11,-0.39209090909090916
1950/12,1950,12,-0.2489090909090909
1951/01,1951,01,-0.3533636363636363
1951/02,1951,02,-0.4577272727272728
1951/03,1951,03,-0.2930909090909091
1951/04,1951,04,-0.10863636363636364
1951/05,1951,05,-0.015272727272727278
1951/06,1951,06,0.03318181818181818
1951/07,1951,07,0.04390909090909091
1951/08,1951,08,0.13718181818181818
1951/09,1951,09,0.0931818181818182
1951/10,1951,10,0.1378181818181818
1951/11,1951,11,-0.03654545454545455
1951/12,1951,12,0.18181818181818182
1952/01,1952,01,0.18472727272727274
1952/02,1952,02,0.1338181818181818
1952/03,1952,03,-0.13018181818181818
1952/04,1952,04,0.053818181818181814
1952/05,1952,05,0.034727272727272725
1952/06,1952,06,0.03963636363636364
1952/07,1952,07,0.10227272727272728
1952/08,1952,08,0.09290909090909093
1952/09,1952,09,0.10045454545454545
1952/10,1952,10,-0.005363636363636363
1952/11,1952,11,-0.18781818181818186
1952/12,1952,12,-0.060181818181818184
1953/01,1953,01,0.06336363636363636
1953/02,1953,02,0.14845454545454545
1953/03,1953,03,0.12763636363636366
1953/04,1953,04,0.1916363636363636
1953/05,1953,05,0.1380909090909091
1953/06,1953,06,0.1677272727272727
1953/07,1953,07,0.049727272727272724
1953/08,1953,08,0.0991818181818182
1953/09,1953,09,0.07872727272727274
1953/10,1953,10,0.07427272727272728
1953/11,1953,11,-0.06754545454545453
1953/12,1953,12,0.09272727272727276
1954/01,1954,01,-0.23663636363636364
1954/02,1954,02,-0.08327272727272726
1954/03,1954,03,-0.1509090909090909
1954/04,1954,04,-0.14463636363636365
1954/05,1954,05,-0.20536363636363636
1954/06,1954,06,-0.12509090909090909
1954/07,1954,07,-0.1961818181818182
1954/08,1954,08,-0.09336363636363637
1954/09,1954,09,-0.08427272727272726
1954/10,1954,10,-0.02827272727272727
1954/11,1954,11,0.021727272727272727
1954/12,1954,12,-0.23172727272727275
1955/01,1955,01,0.12454545454545456
1955/02,1955,02,-0.16472727272727272
1955/03,1955,03,-0.4050909090909091
1955/04,1955,04,-0.2461818181818182
1955/05,1955,05,-0.23327272727272727
1955/06,1955,06,-0.16136363636363635
1955/07,1955,07,-0.19754545454545458
1955/08,1955,08,-0.06136363636363637
1955/09,1955,09,-0.11336363636363637
1955/10,1955,10,-0.1647272727272727
1955/11,1955,11,-0.31627272727272726
1955/12,1955,12,-0.3360909090909091
1956/01,1956,01,-0.24700000000000005
1956/02,1956,02,-0.34354545454545454
1956/03,1956,03,-0.3145454545454545
1956/04,1956,04,-0.33490909090909093
1956/05,1956,05,-0.2810909090909091
1956/06,1956,06,-0.22999999999999998
1956/07,1956,07,-0.20609090909090907
1956/08,1956,08,-0.24990909090909083
1956/09,1956,09,-0.28236363636363637
1956/10,1956,10,-0.23281818181818184
1956/11,1956,11,-0.2627272727272727
1956/12,1956,12,-0.20790909090909093
1957/01,1957,01,-0.1662727272727273
1957/02,1957,02,-0.12872727272727272
1957/03,1957,03,-0.18681818181818183
1957/04,1957,04,-0.06372727272727273
1957/05,1957,05,0.04981818181818181
1957/06,1957,06,0.08154545454545456
1957/07,1957,07,0.0013636363636363648
1957/08,1957,08,0.09454545454545454
1957/09,1957,09,0.03863636363636364
1957/10,1957,10,-0.014545454545454545
1957/11,1957,11,0.05518181818181818
1957/12,1957,12,0.15345454545454545
1958/01,1958,01,0.2692727272727273
1958/02,1958,02,0.18563636363636363
1958/03,1958,03,0.0018181818181818197
1958/04,1958,04,0.03490909090909091
1958/05,1958,05,0.03227272727272727
1958/06,1958,06,-0.015000000000000003
1958/07,1958,07,0.04163636363636364
1958/08,1958,08,0.004181818181818183
1958/09,1958,09,-0.051181818181818176
1958/10,1958,10,0.015363636363636364
1958/11,1958,11,0.011727272727272727
1958/12,1958,12,0.030727272727272735
1959/01,1959,01,0.08863636363636364
1959/02,1959,02,0.034272727272727274
1959/03,1959,03,0.07881818181818182
1959/04,1959,04,0.045363636363636356
1959/05,1959,05,-0.00981818181818182
1959/06,1959,06,0.06236363636363637
1959/07,1959,07,0.030272727272727274
1959/08,1959,08,0.04609090909090909
1959/09,1959,09,0.04109090909090909
1959/10,1959,10,-0.03263636363636364
1959/11,1959,11,-0.11081818181818183
1959/12,1959,12,-0.06845454545454545
1960/01,1960,01,-0.031000000000000003
1960/02,1960,02,0.10536363636363637
1960/03,1960,03,-0.31309090909090914
1960/04,1960,04,-0.1762727272727273
1960/05,1960,05,-0.15609090909090909
1960/06,1960,06,-0.030000000000000006
1960/07,1960,07,-0.027727272727272722
1960/08,1960,08,0.006545454545454549
1960/09,1960,09,0.06436363636363636
1960/10,1960,10,-0.02672727272727273
1960/11,1960,11,-0.1488181818181818
1960/12,1960,12,0.14654545454545456
1961/01,1961,01,0.044272727272727276
1961/02,1961,02,0.17663636363636362
1961/03,1961,03,0.09363636363636364
1961/04,1961,04,0.09536363636363636
1961/05,1961,05,0.09072727272727274
1961/06,1961,06,0.109
1961/07,1961,07,0.020545454545454547
1961/08,1961,08,0.031909090909090915
1961/09,1961,09,-0.02881818181818182
1961/10,1961,10,-0.03445454545454545
1961/11,1961,11,-0.01954545454545455
1961/12,1961,12,-0.11681818181818183
1962/01,1962,01,0.05236363636363636
1962/02,1962,02,0.13481818181818184
1962/03,1962,03,0.02881818181818182
1962/04,1962,04,0.02336363636363636
1962/05,1962,05,-0.048272727272727266
1962/06,1962,06,-0.05327272727272727
1962/07,1962,07,0.018545454545454546
1962/08,1962,08,-0.0063636363636363664
1962/09,1962,09,-0.01690909090909091
1962/10,1962,10,0.04072727272727273
1962/11,1962,11,0.00872727272727273
1962/12,1962,12,-0.013909090909090911
1963/01,1963,01,-0.04709090909090909
1963/02,1963,02,0.14754545454545456
1963/03,1963,03,-0.14654545454545453
1963/04,1963,04,-0.06954545454545456
1963/05,1963,05,-0.02290909090909091
1963/06,1963,06,-0.033363636363636366
1963/07,1963,07,0.11272727272727273
1963/08,1963,08,0.12654545454545454
1963/09,1963,09,0.1272727272727273
1963/10,1963,10,0.22654545454545455
1963/11,1963,11,0.16445454545454544
1963/12,1963,12,-0.005909090909090909
1964/01,1964,01,-0.05318181818181818
1964/02,1964,02,-0.12772727272727272
1964/03,1964,03,-0.27481818181818185
1964/04,1964,04,-0.24390909090909088
1964/05,1964,05,-0.1777272727272727
1964/06,1964,06,-0.15927272727272726
1964/07,1964,07,-0.16936363636363636
1964/08,1964,08,-0.2550909090909091
1964/09,1964,09,-0.28118181818181814
1964/10,1964,10,-0.26627272727272727
1964/11,1964,11,-0.2944545454545454
1964/12,1964,12,-0.3528181818181818
1965/01,1965,01,-0.10472727272727272
1965/02,1965,02,-0.24754545454545454
1965/03,1965,03,-0.21600000000000003
1965/04,1965,04,-0.25290909090909086
1965/05,1965,05,-0.16054545454545452
1965/06,1965,06,-0.10963636363636366
1965/07,1965,07,-0.1806363636363636
1965/08,1965,08,-0.10372727272727272
1965/09,1965,09,-0.08681818181818182
1965/10,1965,10,-0.022818181818181817
1965/11,1965,11,-0.1289090909090909
1965/12,1965,12,-0.06509090909090909
1966/01,1966,01,-0.09400000000000003
1966/02,1966,02,-0.09263636363636364
1966/03,1966,03,-0.06627272727272727
1966/04,1966,04,-0.1049090909090909
1966/05,1966,05,-0.13727272727272727
1966/06,1966,06,0.038272727272727264
1966/07,1966,07,0.031181818181818186
1966/08,1966,08,-0.015000000000000006
1966/09,1966,09,-0.03781818181818181
1966/10,1966,10,-0.10236363636363638
1966/11,1966,11,-0.09463636363636364
1966/12,1966,12,-0.13863636363636364
1967/01,1967,01,-0.17145454545454544
1967/02,1967,02,-0.23590909090909093
1967/03,1967,03,-0.050272727272727274
1967/04,1967,04,-0.061909090909090914
1967/05,1967,05,0.07681818181818183
1967/06,1967,06,-0.08063636363636363
1967/07,1967,07,-0.06054545454545455
1967/08,1967,08,-0.060454545454545455
1967/09,1967,09,-0.09336363636363636
1967/10,1967,10,0.06245454545454546
1967/11,1967,11,-0.059000000000000004
1967/12,1967,12,-0.14745454545454545
1968/01,1968,01,-0.2419090909090909
1968/02,1968,02,-0.212
1968/03,1968,03,0.036636363636363634
1968/04,1968,04,-0.16827272727272724
1968/05,1968,05,-0.2178181818181818
1968/06,1968,06,-0.10681818181818183
1968/07,1968,07,-0.10272727272727274
1968/08,1968,08,-0.05836363636363637
1968/09,1968,09,-0.08627272727272726
1968/10,1968,10,-0.020272727272727276
1968/11,1968,11,-0.072
1968/12,1968,12,-0.10990909090909091
1969/01,1969,01,-0.17218181818181819
1969/02,1969,02,-0.16854545454545453
1969/03,1969,03,-0.004727272727272729
1969/04,1969,04,0.107
1969/05,1969,05,0.13163636363636363
1969/06,1969,06,0.024909090909090905
1969/07,1969,07,0.036727272727272726
1969/08,1969,08,0.054818181818181815
1969/09,1969,09,0.018818181818181817
1969/10,1969,10,0.03081818181818182
1969/11,1969,11,0.131
1969/12,1969,12,0.19472727272727272
1970/01,1970,01,0.06954545454545454
1970/02,1970,02,0.1439090909090909
1970/03,1970,03,-0.0690909090909091
1970/04,1970,04,0.05690909090909091
1970/05,1970,05,-0.03581818181818182
1970/06,1970,06,-0.014818181818181815
1970/07,1970,07,-0.050181818181818175
1970/08,1970,08,-0.09227272727272728
1970/09,1970,09,-0.039272727272727265
1970/10,1970,10,-0.07472727272727274
1970/11,1970,11,-0.04972727272727274
1970/12,1970,12,-0.16554545454545452
1971/01,1971,01,-0.10172727272727272
1971/02,1971,02,-0.28845454545454546
1971/03,1971,03,-0.2812727272727273
1971/04,1971,04,-0.23581818181818182
1971/05,1971,05,-0.21263636363636362
1971/06,1971,06,-0.23509090909090907
1971/07,1971,07,-0.129
1971/08,1971,08,-0.16636363636363635
1971/09,1971,09,-0.12218181818181817
1971/10,1971,10,-0.16427272727272724
1971/11,1971,11,-0.08481818181818182
1971/12,1971,12,-0.19809090909090912
1972/01,1972,01,-0.37900000000000006
1972/02,1972,02,-0.2901818181818182
1972/03,1972,03,-0.12936363636363638
1972/04,1972,04,-0.07572727272727273
1972/05,1972,05,-0.064
1972/06,1972,06,0.009
1972/07,1972,07,-0.016
1972/08,1972,08,0.017545454545454545
1972/09,1972,09,-0.05254545454545454
1972/10,1972,10,0.007727272727272728
1972/11,1972,11,0.003272727272727273
1972/12,1972,12,0.18936363636363637
1973/01,1973,01,0.14718181818181816
1973/02,1973,02,0.2796363636363636
1973/03,1973,03,0.22772727272727272
1973/04,1973,04,0.1622727272727273
1973/05,1973,05,0.08472727272727273
1973/06,1973,06,0.11054545454545454
1973/07,1973,07,0.026636363636363635
1973/08,1973,08,0.017636363636363638
1973/09,1973,09,-0.04200000000000001
1973/10,1973,10,-0.046727272727272735
1973/11,1973,11,-0.0980909090909091
1973/12,1973,12,-0.11290909090909093
1974/01,1974,01,-0.37190909090909086
1974/02,1974,02,-0.41054545454545455
1974/03,1974,03,-0.2290909090909091
1974/04,1974,04,-0.17890909090909093
1974/05,1974,05,-0.196
1974/06,1974,06,-0.1528181818181818
1974/07,1974,07,-0.12727272727272726
1974/08,1974,08,-0.08245454545454545
1974/09,1974,09,-0.12890909090909092
1974/10,1974,10,-0.22
1974/11,1974,11,-0.21736363636363637
1974/12,1974,12,-0.24209090909090902
1975/01,1975,01,-0.07527272727272727
1975/02,1975,02,-0.09345454545454546
1975/03,1975,03,-0.07718181818181817
1975/04,1975,04,-0.08936363636363637
1975/05,1975,05,-0.08545454545454545
1975/06,1975,06,-0.08554545454545454
1975/07,1975,07,-0.10963636363636366
1975/08,1975,08,-0.17890909090909088
1975/09,1975,09,-0.12554545454545452
1975/10,1975,10,-0.23463636363636364
1975/11,1975,11,-0.3183636363636364
1975/12,1975,12,-0.30909090909090914
1976/01,1976,01,-0.2332727272727273
1976/02,1976,02,-0.32954545454545453
1976/03,1976,03,-0.4452727272727273
1976/04,1976,04,-0.19481818181818183
1976/05,1976,05,-0.31663636363636366
1976/06,1976,06,-0.25018181818181817
1976/07,1976,07,-0.1824545454545455
1976/08,1976,08,-0.20190909090909093
1976/09,1976,09,-0.16163636363636363
1976/10,1976,10,-0.31645454545454543
1976/11,1976,11,-0.17881818181818182
1976/12,1976,12,-0.08663636363636364
1977/01,1977,01,-0.07454545454545453
1977/02,1977,02,0.07663636363636363
1977/03,1977,03,0.10254545454545455
1977/04,1977,04,0.09409090909090909
1977/05,1977,05,0.07227272727272728
1977/06,1977,06,0.11309090909090909
1977/07,1977,07,0.06563636363636365
1977/08,1977,08,-0.00018181818181818197
1977/09,1977,09,0.03390909090909091
1977/10,1977,10,-0.004818181818181815
1977/11,1977,11,0.14136363636363639
1977/12,1977,12,-0.05054545454545455
1978/01,1978,01,0.01809090909090909
1978/02,1978,02,-0.03527272727272727
1978/03,1978,03,0.02881818181818182
1978/04,1978,04,-0.06063636363636364
1978/05,1978,05,-0.0838181818181818
1978/06,1978,06,-0.13454545454545455
1978/07,1978,07,-0.06581818181818182
1978/08,1978,08,-0.1840909090909091
1978/09,1978,09,-0.05327272727272727
1978/10,1978,10,-0.11154545454545456
1978/11,1978,11,0.047181818181818186
1978/12,1978,12,-0.09845454545454548
1979/01,1979,01,-0.028818181818181812
1979/02,1979,02,-0.13836363636363636
1979/03,1979,03,0.016
1979/04,1979,04,-0.04990909090909091
1979/05,1979,05,-0.03381818181818182
1979/06,1979,06,0.05763636363636364
1979/07,1979,07,0.05345454545454545
1979/08,1979,08,0.08227272727272728
1979/09,1979,09,0.0920909090909091
1979/10,1979,10,0.13345454545454546
1979/11,1979,11,0.14563636363636365
1979/12,1979,12,0.35445454545454547
1980/01,1980,01,0.13336363636363635
1980/02,1980,02,0.2161818181818182
1980/03,1980,03,0.06772727272727272
1980/04,1980,04,0.14254545454545456
1980/05,1980,05,0.14181818181818182
1980/06,1980,06,0.06945454545454545
1980/07,1980,07,0.061181818181818184
1980/08,1980,08,0.03736363636363637
1980/09,1980,09,0.03900000000000001
1980/10,1980,10,0.01009090909090909
1980/11,1980,11,0.12972727272727272
1980/12,1980,12,0.05336363636363636
1981/01,1981,01,0.328
1981/02,1981,02,0.19636363636363632
1981/03,1981,03,0.20672727272727273
1981/04,1981,04,0.12972727272727272
1981/05,1981,05,0.06554545454545455
1981/06,1981,06,0.12399999999999999
1981/07,1981,07,0.0881818181818182
1981/08,1981,08,0.12081818181818181
1981/09,1981,09,0.07090909090909091
1981/10,1981,10,0.003181818181818181
1981/11,1981,11,0.07236363636363637
1981/12,1981,12,0.2648181818181818
1982/01,1982,01,-0.04654545454545455
1982/02,1982,02,0.00490909090909091
1982/03,1982,03,-0.13
1982/04,1982,04,0.027363636363636368
1982/05,1982,05,0.03972727272727273
1982/06,1982,06,-0.05636363636363637
1982/07,1982,07,-0.017
1982/08,1982,08,-0.010636363636363638
1982/09,1982,09,0.07354545454545455
1982/10,1982,10,0.004454545454545453
1982/11,1982,11,-0.008818181818181817
1982/12,1982,12,0.24781818181818183
1983/01,1983,01,0.42654545454545456
1983/02,1983,02,0.3114545454545455
1983/03,1983,03,0.2121818181818182
1983/04,1983,04,0.1182727272727273
1983/05,1983,05,0.13681818181818184
1983/06,1983,06,0.13354545454545458
1983/07,1983,07,0.1511818181818182
1983/08,1983,08,0.199
1983/09,1983,09,0.18663636363636363
1983/10,1983,10,0.09781818181818182
1983/11,1983,11,0.25636363636363635
1983/12,1983,12,0.088
1984/01,1984,01,0.1182727272727273
1984/02,1984,02,0.013181818181818183
1984/03,1984,03,0.048363636363636366
1984/04,1984,04,-0.047000000000000014
1984/05,1984,05,0.0918181818181818
1984/06,1984,06,-0.014909090909090912
1984/07,1984,07,-0.037181818181818184
1984/08,1984,08,0.04045454545454546
1984/09,1984,09,0.031363636363636364
1984/10,1984,10,-0.022000000000000006
1984/11,1984,11,-0.11981818181818182
1984/12,1984,12,-0.27436363636363637
1985/01,1985,01,0.011545454545454546
1985/02,1985,02,-0.13372727272727275
1985/03,1985,03,-0.02672727272727273
1985/04,1985,04,-0.04145454545454546
1985/05,1985,05,-0.0034545454545454528
1985/06,1985,06,-0.06145454545454547
1985/07,1985,07,-0.060181818181818184
1985/08,1985,08,0.02581818181818182
1985/09,1985,09,-0.03209090909090909
1985/10,1985,10,0.017545454545454545
1985/11,1985,11,-0.07154545454545454
1985/12,1985,12,0.01290909090909091
1986/01,1986,01,0.12272727272727274
1986/02,1986,02,0.08936363636363637
1986/03,1986,03,0.073
1986/04,1986,04,0.07572727272727273
1986/05,1986,05,0.04390909090909092
1986/06,1986,06,0.04781818181818182
1986/07,1986,07,-0.004000000000000001
1986/08,1986,08,0.0014545454545454534
1986/09,1986,09,0.011454545454545455
1986/10,1986,10,0.06472727272727273
1986/11,1986,11,-0.005363636363636365
1986/12,1986,12,0.009090909090909092
1987/01,1987,01,0.11145454545454546
1987/02,1987,02,0.3004545454545455
1987/03,1987,03,0.021545454545454548
1987/04,1987,04,0.09472727272727273
1987/05,1987,05,0.14790909090909093
1987/06,1987,06,0.12763636363636363
1987/07,1987,07,0.2691818181818182
1987/08,1987,08,0.23618181818181816
1987/09,1987,09,0.27336363636363636
1987/10,1987,10,0.2047272727272727
1987/11,1987,11,0.19672727272727275
1987/12,1987,12,0.3215454545454545
1988/01,1988,01,0.3880909090909091
1988/02,1988,02,0.23218181818181824
1988/03,1988,03,0.26036363636363635
1988/04,1988,04,0.22290909090909095
1988/05,1988,05,0.20927272727272725
1988/06,1988,06,0.22063636363636363
1988/07,1988,07,0.17263636363636364
1988/08,1988,08,0.1751818181818182
1988/09,1988,09,0.18181818181818182
1988/10,1988,10,0.13881818181818184
1988/11,1988,11,0.028181818181818176
1988/12,1988,12,0.14581818181818182
1989/01,1989,01,0.011727272727272727
1989/02,1989,02,0.14836363636363636
1989/03,1989,03,0.13572727272727275
1989/04,1989,04,0.08009090909090909
1989/05,1989,05,0.07872727272727273
1989/06,1989,06,0.07500000000000001
1989/07,1989,07,0.15554545454545454
1989/08,1989,08,0.1760909090909091
1989/09,1989,09,0.14190909090909093
1989/10,1989,10,0.15245454545454548
1989/11,1989,11,0.061909090909090914
1989/12,1989,12,0.2002727272727273
1990/01,1990,01,0.21727272727272728
1990/02,1990,02,0.30654545454545457
1990/03,1990,03,0.5619090909090909
1990/04,1990,04,0.366
1990/05,1990,05,0.27772727272727277
1990/06,1990,06,0.2772727272727272
1990/07,1990,07,0.23154545454545453
1990/08,1990,08,0.24972727272727271
1990/09,1990,09,0.17836363636363634
1990/10,1990,10,0.33236363636363636
1990/11,1990,11,0.3195454545454546
1990/12,1990,12,0.2474545454545454
1991/01,1991,01,0.2885454545454545
1991/02,1991,02,0.2970909090909091
1991/03,1991,03,0.1981818181818182
1991/04,1991,04,0.38190909090909086
1991/05,1991,05,0.3032727272727272
1991/06,1991,06,0.3066363636363636
1991/07,1991,07,0.30727272727272736
1991/08,1991,08,0.2585454545454546
1991/09,1991,09,0.24309090909090908
1991/10,1991,10,0.19090909090909092
1991/11,1991,11,0.16136363636363638
1991/12,1991,12,0.11936363636363638
1992/01,1992,01,0.36772727272727274
1992/02,1992,02,0.31745454545454543
1992/03,1992,03,0.25727272727272726
1992/04,1992,04,0.13545454545454544
1992/05,1992,05,0.17236363636363639
1992/06,1992,06,0.13145454545454546
1992/07,1992,07,-0.016545454545454547
1992/08,1992,08,0.00754545454545455
1992/09,1992,09,-0.06354545454545456
1992/10,1992,10,-0.04881818181818182
1992/11,1992,11,-0.08399999999999999
1992/12,1992,12,0.08109090909090909
1993/01,1993,01,0.30827272727272725
1993/02,1993,02,0.2527272727272727
1993/03,1993,03,0.2382727272727273
1993/04,1993,04,0.1298181818181818
1993/05,1993,05,0.17736363636363636
1993/06,1993,06,0.17927272727272728
1993/07,1993,07,0.13136363636363635
1993/08,1993,08,0.09645454545454547
1993/09,1993,09,0.0710909090909091
1993/10,1993,10,0.1089090909090909
1993/11,1993,11,-0.03536363636363636
1993/12,1993,12,0.12772727272727272
1994/01,1994,01,0.1821818181818182
1994/02,1994,02,-0.04936363636363636
1994/03,1994,03,0.21963636363636363
1994/04,1994,04,0.20927272727272728
1994/05,1994,05,0.2673636363636364
1994/06,1994,06,0.2635454545454545
1994/07,1994,07,0.16999999999999996
1994/08,1994,08,0.18445454545454545
1994/09,1994,09,0.1926363636363636
1994/10,1994,10,0.31081818181818177
1994/11,1994,11,0.3130000000000001
1994/12,1994,12,0.243
1995/01,1995,01,0.42245454545454547
1995/02,1995,02,0.5996363636363636
1995/03,1995,03,0.3205454545454546
1995/04,1995,04,0.2847272727272727
1995/05,1995,05,0.2160909090909091
1995/06,1995,06,0.3139090909090909
1995/07,1995,07,0.3307272727272727
1995/08,1995,08,0.35609090909090907
1995/09,1995,09,0.26381818181818184
1995/10,1995,10,0.3346363636363636
1995/11,1995,11,0.323
1995/12,1995,12,0.1300909090909091
1996/01,1996,01,0.11627272727272729
1996/02,1996,02,0.32136363636363635
1996/03,1996,03,0.184
1996/04,1996,04,0.12754545454545455
1996/05,1996,05,0.22163636363636366
1996/06,1996,06,0.16781818181818184
1996/07,1996,07,0.21990909090909086
1996/08,1996,08,0.20563636363636364
1996/09,1996,09,0.10518181818181821
1996/10,1996,10,0.13127272727272726
1996/11,1996,11,0.14527272727272728
1996/12,1996,12,0.22936363636363638
1997/01,1997,01,0.21254545454545457
1997/02,1997,02,0.3114545454545455
1997/03,1997,03,0.34345454545454546
1997/04,1997,04,0.2654545454545455
1997/05,1997,05,0.28418181818181815
1997/06,1997,06,0.4120909090909091
1997/07,1997,07,0.3727272727272727
1997/08,1997,08,0.4400909090909092
1997/09,1997,09,0.4802727272727273
1997/10,1997,10,0.5583636363636363
1997/11,1997,11,0.5012727272727271
1997/12,1997,12,0.5017272727272728
1998/01,1998,01,0.4901818181818182
1998/02,1998,02,0.7623636363636362
1998/03,1998,03,0.548090909090909
1998/04,1998,04,0.6474545454545455
1998/05,1998,05,0.5800909090909092
1998/06,1998,06,0.591090909090909
1998/07,1998,07,0.6711818181818181
1998/08,1998,08,0.603
1998/09,1998,09,0.40009090909090905
1998/10,1998,10,0.4065454545454545
1998/11,1998,11,0.29772727272727273
1998/12,1998,12,0.4688181818181818
1999/01,1999,01,0.3464545454545454
1999/02,1999,02,0.5796363636363636
1999/03,1999,03,0.2248181818181818
1999/04,1999,04,0.3212727272727273
1999/05,1999,05,0.24290909090909094
1999/06,1999,06,0.2731818181818182
1999/07,1999,07,0.2867272727272727
1999/08,1999,08,0.228
1999/09,1999,09,0.30618181818181817
1999/10,1999,10,0.2529090909090909
1999/11,1999,11,0.2411818181818182
1999/12,1999,12,0.36727272727272725
2000/01,2000,01,0.22454545454545458
2000/02,2000,02,0.4476363636363638
2000/03,2000,03,0.3805454545454545
2000/04,2000,04,0.4783636363636364
2000/05,2000,05,0.2772727272727273
2000/06,2000,06,0.2706363636363636
2000/07,2000,07,0.26163636363636367
2000/08,2000,08,0.3537272727272727
2000/09,2000,09,0.31445454545454543
2000/10,2000,10,0.22636363636363638
2000/11,2000,11,0.1613636363636364
2000/12,2000,12,0.1548181818181818
2001/01,2001,01,0.35872727272727273
2001/02,2001,02,0.31936363636363635
2001/03,2001,03,0.5093636363636364
2001/04,2001,04,0.4614545454545455
2001/05,2001,05,0.41818181818181815
2001/06,2001,06,0.42045454545454536
2001/07,2001,07,0.46354545454545454
2001/08,2001,08,0.5045454545454544
2001/09,2001,09,0.433
2001/10,2001,10,0.42227272727272724
2001/11,2001,11,0.6147272727272726
2001/12,2001,12,0.3812727272727274
2002/01,2002,01,0.6555454545454545
2002/02,2002,02,0.7031818181818182
2002/03,2002,03,0.7010000000000001
2002/04,2002,04,0.4596363636363636
2002/05,2002,05,0.42672727272727273
2002/06,2002,06,0.47200000000000003
2002/07,2002,07,0.4907272727272728
2002/08,2002,08,0.45254545454545453
2002/09,2002,09,0.42672727272727273
2002/10,2002,10,0.41263636363636363
2002/11,2002,11,0.45172727272727276
2002/12,2002,12,0.324
2003/01,2003,01,0.600909090909091
2003/02,2003,02,0.45890909090909093
2003/03,2003,03,0.45036363636363635
2003/04,2003,04,0.4360909090909091
2003/05,2003,05,0.471909090909091
2003/06,2003,06,0.45509090909090905
2003/07,2003,07,0.47427272727272723
2003/08,2003,08,0.5493636363636365
2003/09,2003,09,0.5376363636363636
2003/10,2003,10,0.6139090909090908
2003/11,2003,11,0.45899999999999985
2003/12,2003,12,0.5872727272727272
2004/01,2004,01,0.5079090909090909
2004/02,2004,02,0.611909090909091
2004/03,2004,03,0.5319090909090909
2004/04,2004,04,0.4757272727272726
2004/05,2004,05,0.311
2004/06,2004,06,0.323
2004/07,2004,07,0.3583636363636364
2004/08,2004,08,0.39354545454545453
2004/09,2004,09,0.4394545454545455
2004/10,2004,10,0.46536363636363637
2004/11,2004,11,0.6051818181818182
2004/12,2004,12,0.3527272727272727
2005/01,2005,01,0.5501818181818181
2005/02,2005,02,0.3952727272727273
2005/03,2005,03,0.5651818181818181
2005/04,2005,04,0.6098181818181818
2005/05,2005,05,0.5167272727272727
2005/06,2005,06,0.5519090909090909
2005/07,2005,07,0.5450909090909091
2005/08,2005,08,0.5378181818181818
2005/09,2005,09,0.5753636363636363
2005/10,2005,10,0.6145454545454545
2005/11,2005,11,0.6281818181818182
2005/12,2005,12,0.4588181818181818
2006/01,2006,01,0.3849090909090909
2006/02,2006,02,0.57
2006/03,2006,03,0.4602727272727272
2006/04,2006,04,0.4055454545454546
2006/05,2006,05,0.4040909090909091
2006/06,2006,06,0.5189090909090909
2006/07,2006,07,0.4848181818181818
2006/08,2006,08,0.5339090909090909
2006/09,2006,09,0.5045454545454546
2006/10,2006,10,0.5706363636363636
2006/11,2006,11,0.5417272727272727
2006/12,2006,12,0.69
2007/01,2007,01,0.8289090909090909
2007/02,2007,02,0.5666363636363636
2007/03,2007,03,0.516
2007/04,2007,04,0.5849090909090908
2007/05,2007,05,0.4467272727272727
2007/06,2007,06,0.4206363636363637
2007/07,2007,07,0.43963636363636366
2007/08,2007,08,0.4390909090909091
2007/09,2007,09,0.45709090909090916
2007/10,2007,10,0.4690909090909091
2007/11,2007,11,0.392
2007/12,2007,12,0.3409090909090909
2008/01,2008,01,0.15772727272727274
2008/02,2008,02,0.23418181818181824
2008/03,2008,03,0.5571818181818182
2008/04,2008,04,0.32499999999999996
2008/05,2008,05,0.339
2008/06,2008,06,0.367
2008/07,2008,07,0.45109090909090904
2008/08,2008,08,0.4301818181818182
2008/09,2008,09,0.4081818181818182
2008/10,2008,10,0.5469090909090909
2008/11,2008,11,0.5281818181818182
2008/12,2008,12,0.3930909090909091
2009/01,2009,01,0.47845454545454547
2009/02,2009,02,0.4422727272727273
2009/03,2009,03,0.4020909090909091
2009/04,2009,04,0.5092727272727272
2009/05,2009,05,0.4400909090909091
2009/06,2009,06,0.5471818181818182
2009/07,2009,07,0.5358181818181817
2009/08,2009,08,0.5853636363636364
2009/09,2009,09,0.5685454545454545
2009/10,2009,10,0.5187272727272728
2009/11,2009,11,0.5509999999999999
2009/12,2009,12,0.4817272727272728
2010/01,2010,01,0.561
2010/02,2010,02,0.5918181818181819
2010/03,2010,03,0.6804545454545455
2010/04,2010,04,0.6873636363636364
2010/05,2010,05,0.5916363636363636
2010/06,2010,06,0.5868181818181818
2010/07,2010,07,0.6155454545454546
2010/08,2010,08,0.5374545454545454
2010/09,2010,09,0.449
2010/10,2010,10,0.49927272727272726
2010/11,2010,11,0.5925454545454546
2010/12,2010,12,0.3326363636363637
2011/01,2011,01,0.3169090909090909
2011/02,2011,02,0.32427272727272727
2011/03,2011,03,0.4196363636363636
2011/04,2011,04,0.4901818181818181
2011/05,2011,05,0.393
2011/06,2011,06,0.49500000000000005
2011/07,2011,07,0.5120909090909092
2011/08,2011,08,0.49
2011/09,2011,09,0.44881818181818184
2011/10,2011,10,0.45990909090909093
2011/11,2011,11,0.35409090909090907
2011/12,2011,12,0.4017272727272727
2012/01,2012,01,0.31
2012/02,2012,02,0.30090909090909085
2012/03,2012,03,0.3590909090909091
2012/04,2012,04,0.5732727272727272
2012/05,2012,05,0.5712727272727273
2012/06,2012,06,0.5575454545454547
2012/07,2012,07,0.5065454545454545
2012/08,2012,08,0.5342727272727273
2012/09,2012,09,0.5569090909090909
2012/10,2012,10,0.5565454545454546
2012/11,2012,11,0.5506363636363637
2012/12,2012,12,0.2690000000000001
2013/01,2013,01,0.4714545454545455
2013/02,2013,02,0.4958181818181819
2013/03,2013,03,0.4193636363636364
2013/04,2013,04,0.4483636363636363
2013/05,2013,05,0.525090909090909
2013/06,2013,06,0.5019090909090909
2013/07,2013,07,0.5176363636363637
2013/08,2013,08,0.5397272727272727
2013/09,2013,09,0.5464545454545454
2013/10,2013,10,0.5151818181818182
2013/11,2013,11,0.6602727272727272
2013/12,2013,12,0.5308181818181819
2014/01,2014,01,0.5342727272727273
2014/02,2014,02,0.32581818181818184
2014/03,2014,03,0.5838181818181818
2014/04,2014,04,0.6658181818181818
2014/05,2014,05,0.6073636363636364
2014/06,2014,06,0.625
2014/07,2014,07,0.5436363636363637
2014/08,2014,08,0.6752727272727274
2014/09,2014,09,0.6010000000000001
2014/10,2014,10,0.6354545454545454
2014/11,2014,11,0.5048181818181818
2014/12,2014,12,0.6537272727272728
2015/01,2015,01,0.706
2015/02,2015,02,0.6879090909090909
2015/03,2015,03,0.7071818181818182
2015/04,2015,04,0.6713636363636364
2015/05,2015,05,0.7100909090909091
2015/06,2015,06,0.7443636363636364
2015/07,2015,07,0.6965454545454546
2015/08,2015,08,0.7372727272727272
2015/09,2015,09,0.7972727272727272
2015/10,2015,10,0.8456363636363637
2015/11,2015,11,0.8410000000000001
2015/12,2015,12,1.022090909090909
2016/01,2016,01,0.9344545454545454
2016/02,2016,02,1.1101818181818182
2016/03,2016,03,1.1039090909090907
2016/04,2016,04,0.9360909090909093
2016/05,2016,05,0.7050909090909091
2016/06,2016,06,0.7446363636363635
2016/07,2016,07,0.7444545454545455
2016/08,2016,08,0.7875454545454545
2016/09,2016,09,0.729909090909091
2016/10,2016,10,0.6001818181818181
2016/11,2016,11,0.5537272727272726
2016/12,2016,12,0.6169999999999999
2017/01,2017,01,0.7398181818181818
2017/02,2017,02,0.8444545454545456
2017/03,2017,03,0.8732727272727271
2017/04,2017,04,0.7362727272727271
2017/05,2017,05,0.6581818181818182
2017/06,2017,06,0.641
2017/07,2017,07,0.6493636363636363
2017/08,2017,08,0.7121818181818182
2017/09,2017,09,0.5578181818181819
2017/10,2017,10,0.5711818181818181
2017/11,2017,11,0.5539090909090909
2017/12,2017,12,0.5971818181818183
2018/01,2018,01,0.5551818181818181
2018/02,2018,02,0.5290909090909092
2018/03,2018,03,0.6143636363636363
2018/04,2018,04,0.6265454545454546
2018/05,2018,05,0.5865454545454546
2018/06,2018,06,0.5750909090909091
2018/07,2018,07,0.5937272727272728
2018/08,2018,08,0.5847272727272728
2018/09,2018,09,0.5994545454545456
2018/10,2018,10,0.6791818181818181
2018/11,2018,11,0.5900000000000001
2018/12,2018,12,0.6362727272727272
2019/01,2019,01,0.7391818181818182
2019/02,2019,02,0.6629090909090909
2019/03,2019,03,0.872909090909091
2019/04,2019,04,0.779818181818182
2019/05,2019,05,0.609090909090909
2019/06,2019,06,0.7086363636363637
2019/07,2019,07,0.7051818181818181
2019/08,2019,08,0.7170909090909091
2019/09,2019,09,0.7140000000000001
2019/10,2019,10,0.7542727272727273
2019/11,2019,11,0.6931818181818182
2019/12,2019,12,0.8778181818181818
2020/01,2020,01,0.9815454545454546
2020/02,2020,02,1.0022727272727272
2020/03,2020,03,1.0162727272727272
2020/04,2020,04,0.8001818181818181
2020/05,2020,05,0.7136363636363636
2020/06,2020,06,0.6836363636363637
2020/07,2020,07,0.6952727272727273
2020/08,2020,08,0.7339999999999999
2020/09,2020,09,0.7153636363636364
2020/10,2020,10,0.6190909090909091
2020/11,2020,11,0.762
2020/12,2020,12,0.5151818181818181
2021/01,2021,01,0.5371818181818182
2021/02,2021,02,0.493090909090909
2021/03,2021,03,0.6337272727272727
2021/04,2021,04,0.5986363636363637
2021/05,2021,05,0.6266363636363635
2021/06,2021,06,0.6696363636363636
